delete from purchase where idpurchase > 0;
delete from user where iduser > 0;
delete from product where idproduct > 0;
delete from category where idcategory > 0 ;


insert into user (iduser, name, password, email, address_name, address_nr, address_postal_code, address_country, avatar, dt_created) values (1, 'Estele Dickens', '3UPO9ZbA040H', 'edickens0@phpbb.com', 'Randy', '2958', null, 'China', 'https://robohash.org/quodinventoreconsequatur.png?size=50x50&set=set1', '2022-02-07 21:13:23');
insert into user (iduser, name, password, email, address_name, address_nr, address_postal_code, address_country, avatar, dt_created) values (2, 'Town McGuffog', 'yEEA3JqAw', 'tmcguffog1@instagram.com', 'Eastlawn', '3', null, 'China', 'https://robohash.org/idmaioresrerum.png?size=50x50&set=set1', '2021-11-03 05:55:30');
insert into user (iduser, name, password, email, address_name, address_nr, address_postal_code, address_country, avatar, dt_created) values (3, 'Panchito Jime', 'fSfmIg3Ezx', 'pjime2@reddit.com', 'Tomscot', '94', '3720-546', 'Portugal', 'https://robohash.org/quamdelectusdolore.png?size=50x50&set=set1', '2021-06-06 01:38:00');
insert into user (iduser, name, password, email, address_name, address_nr, address_postal_code, address_country, avatar, dt_created) values (4, 'Eugene Scholtis', 'uOpkNFM1mrQY', 'escholtis3@comcast.net', 'Hollow Ridge', '76033', '760050', 'Colombia', 'https://robohash.org/beataeutqui.png?size=50x50&set=set1', '2021-08-10 06:17:51');
insert into user (iduser, name, password, email, address_name, address_nr, address_postal_code, address_country, avatar, dt_created) values (5, 'Jess Murrhardt', 'hZRs8M', 'jmurrhardt4@wikia.com', '4th', '2', '353147', 'Russia', 'https://robohash.org/recusandaeatdoloribus.png?size=50x50&set=set1', '2021-06-05 18:13:47');
insert into user (iduser, name, password, email, address_name, address_nr, address_postal_code, address_country, avatar, dt_created) values (6, 'Molli Trevear', 'csaKi4rX', 'mtrevear5@domainmarket.com', 'Michigan', '5', '26930', 'Mexico', 'https://robohash.org/hicautdolore.png?size=50x50&set=set1', '2021-12-25 16:09:04');
insert into user (iduser, name, password, email, address_name, address_nr, address_postal_code, address_country, avatar, dt_created) values (7, 'Marigold Willcott', 'PQ2SwEJ0m', 'mwillcott6@360.cn', 'Coleman', '72745', '18320-000', 'Brazil', 'https://robohash.org/omniseaeos.png?size=50x50&set=set1', '2021-08-30 20:55:22');
insert into user (iduser, name, password, email, address_name, address_nr, address_postal_code, address_country, avatar, dt_created) values (8, 'Agretha Cardoe', 'i1PYxB', 'acardoe7@mapy.cz', 'Pond', '0202', '58880', 'Mexico', 'https://robohash.org/quibusdamquisvoluptatem.png?size=50x50&set=set1', '2021-07-26 21:21:56');
insert into user (iduser, name, password, email, address_name, address_nr, address_postal_code, address_country, avatar, dt_created) values (9, 'Joanna Costard', 'AkCgJnG', 'jcostard8@ocn.ne.jp', 'Heffernan', '0', '453480', 'Russia', 'https://robohash.org/nesciuntautdeleniti.png?size=50x50&set=set1', '2022-02-05 21:21:48');
insert into user (iduser, name, password, email, address_name, address_nr, address_postal_code, address_country, avatar, dt_created) values (10, 'Dix Hyland', 'iwe6D5', 'dhyland9@twitter.com', 'Mallard', '88526', null, 'China', 'https://robohash.org/voluptasautemsequi.png?size=50x50&set=set1', '2021-05-25 03:42:57');
insert into user (iduser, name, password, email, address_name, address_nr, address_postal_code, address_country, avatar, dt_created) values (11, 'Colver Lightbody', 'NEniVKBIWq', 'clightbodya@amazon.de', 'Boyd', '56', '5004', 'Philippines', 'https://robohash.org/evenietanimialias.png?size=50x50&set=set1', '2021-06-05 21:35:14');
insert into user (iduser, name, password, email, address_name, address_nr, address_postal_code, address_country, avatar, dt_created) values (12, 'Claudelle Waugh', 'g6Nxz8ViqPo', 'cwaughb@nifty.com', 'Nelson', '81437', '613366', 'Russia', 'https://robohash.org/esteiusvoluptatibus.png?size=50x50&set=set1', '2021-09-23 07:35:07');
insert into user (iduser, name, password, email, address_name, address_nr, address_postal_code, address_country, avatar, dt_created) values (13, 'Nelle Frediani', 'CluQ4aQHnd', 'nfredianic@bbb.org', 'Schurz', '0601', '7216', 'Macedonia', 'https://robohash.org/natusmolestiasquo.png?size=50x50&set=set1', '2022-01-18 00:14:04');
insert into user (iduser, name, password, email, address_name, address_nr, address_postal_code, address_country, avatar, dt_created) values (14, 'Dalia Devonport', 'i5fhESJQ', 'ddevonportd@soundcloud.com', 'Hooker', '14144', '463-0015', 'Japan', 'https://robohash.org/autidet.png?size=50x50&set=set1', '2022-02-22 09:24:38');
insert into user (iduser, name, password, email, address_name, address_nr, address_postal_code, address_country, avatar, dt_created) values (15, 'Corey Gianneschi', 'wFn9gYNTCuf', 'cgianneschie@hatena.ne.jp', 'Lien', '82161', null, 'Indonesia', 'https://robohash.org/expeditaassumendamagni.png?size=50x50&set=set1', '2021-12-14 16:24:36');
insert into user (iduser, name, password, email, address_name, address_nr, address_postal_code, address_country, avatar, dt_created) values (16, 'Alf Cattrell', '9gKREA1b', 'acattrellf@i2i.jp', 'Weeping Birch', '141', null, 'China', 'https://robohash.org/beataevoluptatemomnis.png?size=50x50&set=set1', '2021-12-01 18:26:15');
insert into user (iduser, name, password, email, address_name, address_nr, address_postal_code, address_country, avatar, dt_created) values (17, 'Boote Windebank', 'CUhgdSRJIGtX', 'bwindebankg@furl.net', 'Declaration', '23', null, 'China', 'https://robohash.org/sitinventoreconsectetur.png?size=50x50&set=set1', '2021-07-27 04:27:59');
insert into user (iduser, name, password, email, address_name, address_nr, address_postal_code, address_country, avatar, dt_created) values (18, 'Holly-anne O''Canavan', 'YvLnkZgzY0', 'hocanavanh@artisteer.com', 'Declaration', '120', '92179 CEDEX', 'France', 'https://robohash.org/estrerumducimus.png?size=50x50&set=set1', '2022-02-21 20:59:14');
insert into user (iduser, name, password, email, address_name, address_nr, address_postal_code, address_country, avatar, dt_created) values (19, 'Leland Tacker', 'C2Nj8Sa9cW', 'ltackeri@fastcompany.com', 'Bluejay', '3154', null, 'Mongolia', 'https://robohash.org/reiciendisevenietaut.png?size=50x50&set=set1', '2021-09-11 14:56:05');
insert into user (iduser, name, password, email, address_name, address_nr, address_postal_code, address_country, avatar, dt_created) values (20, 'Jedd Derrington', 'Bhpk8nD', 'jderringtonj@paypal.com', 'Muir', '115', '69240', 'Pakistan', 'https://robohash.org/assumendaetoptio.png?size=50x50&set=set1', '2022-02-03 01:43:52');

insert into category (idcategory, name, image, description, dt_created) values (1, 'Luminate Foundation', 'http://dummyimage.com/138x100.png/dddddd/000000', 'Occupant (driver) (passenger) of pick-up truck or van injured in unspecified nontraffic accident, sequela', '2021-12-17 18:58:19');
insert into category (idcategory, name, image, description, dt_created) values (2, 'Naproxen', 'http://dummyimage.com/107x100.png/5fa2dd/ffffff', 'Contusion of lung, bilateral, sequela', '2021-05-30 05:53:30');
insert into category (idcategory, name, image, description, dt_created) values (3, 'SINGULAIR', 'http://dummyimage.com/216x100.png/5fa2dd/ffffff', 'Diabetes mellitus due to underlying condition with mild nonproliferative diabetic retinopathy without macular edema, unspecified eye', '2022-03-14 18:14:41');
insert into category (idcategory, name, image, description, dt_created) values (4, 'Gabapentin', 'http://dummyimage.com/242x100.png/cc0000/ffffff', 'Other fracture of lower end of right femur, initial encounter for closed fracture', '2021-05-27 18:28:33');
insert into category (idcategory, name, image, description, dt_created) values (5, 'Pramipexole Dihydrochloride', 'http://dummyimage.com/165x100.png/cc0000/ffffff', 'Unspecified open wound of lower back and pelvis with penetration into retroperitoneum, sequela', '2022-03-15 16:20:29');


insert into product (idproduct, name, photos, price, dt_created, category_idcategory) values (1, 'RE NUTRIV RADIANT UV BASE', 'http://dummyimage.com/243x100.png/cc0000/ffffff', 507.47, '2021-10-20 07:16:13', 2);
insert into product (idproduct, name, photos, price, dt_created, category_idcategory) values (2, 'Topcare childrens pain and fever', 'http://dummyimage.com/199x100.png/dddddd/000000', 545.94, '2021-10-18 11:42:58', 2);
insert into product (idproduct, name, photos, price, dt_created, category_idcategory) values (3, 'Levothyroxine Sodium', 'http://dummyimage.com/165x100.png/5fa2dd/ffffff', 879.22, '2022-04-05 03:24:49', 3);
insert into product (idproduct, name, photos, price, dt_created, category_idcategory) values (4, 'Cefaclor', 'http://dummyimage.com/134x100.png/dddddd/000000', 5.86, '2021-09-02 22:55:35', 5);
insert into product (idproduct, name, photos, price, dt_created, category_idcategory) values (5, 'Amlodipine Besylate and Benazepril Hydrochloride', 'http://dummyimage.com/225x100.png/cc0000/ffffff', 992.83, '2021-09-08 06:32:49', 3);
insert into product (idproduct, name, photos, price, dt_created, category_idcategory) values (6, 'Meloxicam', 'http://dummyimage.com/249x100.png/5fa2dd/ffffff', 53.19, '2021-09-03 03:38:21', 4);
insert into product (idproduct, name, photos, price, dt_created, category_idcategory) values (7, 'Oil-Free Acne Cleanser', 'http://dummyimage.com/185x100.png/ff4444/ffffff', 966.5, '2021-12-04 10:30:31', 5);
insert into product (idproduct, name, photos, price, dt_created, category_idcategory) values (8, 'Topcare childrens pain relief', 'http://dummyimage.com/149x100.png/5fa2dd/ffffff', 377.34, '2021-09-09 19:02:22', 4);
insert into product (idproduct, name, photos, price, dt_created, category_idcategory) values (9, 'Fosinopril Sodium', 'http://dummyimage.com/130x100.png/ff4444/ffffff', 943.57, '2021-06-24 15:59:09', 5);
insert into product (idproduct, name, photos, price, dt_created, category_idcategory) values (10, 'Givenchy Fluid Foundation Airy-light Mat Radiance SPF 20 Tint 8', 'http://dummyimage.com/113x100.png/dddddd/000000', 12.38, '2021-06-16 03:11:07', 2);
insert into product (idproduct, name, photos, price, dt_created, category_idcategory) values (11, 'Betamethasone Dipropionate', 'http://dummyimage.com/172x100.png/dddddd/000000', 605.81, '2021-08-14 08:45:48', 5);
insert into product (idproduct, name, photos, price, dt_created, category_idcategory) values (12, 'INDOMETHACIN', 'http://dummyimage.com/121x100.png/ff4444/ffffff', 479.26, '2022-05-08 05:44:39', 2);
insert into product (idproduct, name, photos, price, dt_created, category_idcategory) values (13, 'RISPERDAL', 'http://dummyimage.com/247x100.png/cc0000/ffffff', 599.0, '2021-12-10 12:22:51', 5);
insert into product (idproduct, name, photos, price, dt_created, category_idcategory) values (14, 'Pioglitazone Hydrochloride and Metformin Hydrochloride', 'http://dummyimage.com/228x100.png/cc0000/ffffff', 879.92, '2021-12-08 22:52:56', 2);
insert into product (idproduct, name, photos, price, dt_created, category_idcategory) values (15, 'Inflammation I', 'http://dummyimage.com/128x100.png/5fa2dd/ffffff', 27.47, '2021-06-04 12:26:31', 5);
insert into product (idproduct, name, photos, price, dt_created, category_idcategory) values (16, 'ESIKA', 'http://dummyimage.com/113x100.png/dddddd/000000', 453.09, '2021-07-28 19:11:16', 5);
insert into product (idproduct, name, photos, price, dt_created, category_idcategory) values (17, 'DOPamine Hydrochloride', 'http://dummyimage.com/212x100.png/cc0000/ffffff', 884.76, '2022-01-23 17:18:54', 3);
insert into product (idproduct, name, photos, price, dt_created, category_idcategory) values (18, 'Johnson Grass', 'http://dummyimage.com/228x100.png/ff4444/ffffff', 326.27, '2021-09-18 09:30:20', 3);
insert into product (idproduct, name, photos, price, dt_created, category_idcategory) values (19, 'Focalin', 'http://dummyimage.com/210x100.png/ff4444/ffffff', 68.26, '2022-04-27 01:38:49', 4);
insert into product (idproduct, name, photos, price, dt_created, category_idcategory) values (20, 'Xodol', 'http://dummyimage.com/186x100.png/cc0000/ffffff', 818.08, '2022-02-14 17:32:48', 3);
insert into product (idproduct, name, photos, price, dt_created, category_idcategory) values (21, 'Gabapentin', 'http://dummyimage.com/199x100.png/ff4444/ffffff', 692.25, '2022-04-27 20:06:48', 2);
insert into product (idproduct, name, photos, price, dt_created, category_idcategory) values (22, 'Metoprolol Tartrate', 'http://dummyimage.com/241x100.png/dddddd/000000', 811.68, '2021-09-27 01:05:55', 4);
insert into product (idproduct, name, photos, price, dt_created, category_idcategory) values (23, 'Endopath-F', 'http://dummyimage.com/187x100.png/5fa2dd/ffffff', 390.61, '2021-08-01 19:44:28', 1);
insert into product (idproduct, name, photos, price, dt_created, category_idcategory) values (24, 'acid reducer', 'http://dummyimage.com/131x100.png/dddddd/000000', 667.26, '2022-05-03 14:09:12', 3);
insert into product (idproduct, name, photos, price, dt_created, category_idcategory) values (25, 'Fluconazole', 'http://dummyimage.com/185x100.png/ff4444/ffffff', 854.44, '2022-03-17 00:40:21', 4);
insert into product (idproduct, name, photos, price, dt_created, category_idcategory) values (26, 'Methazolamide', 'http://dummyimage.com/199x100.png/5fa2dd/ffffff', 88.12, '2021-08-02 18:47:46', 3);
insert into product (idproduct, name, photos, price, dt_created, category_idcategory) values (27, 'Easy Care First Aid Chest - Home and Workshop', 'http://dummyimage.com/182x100.png/cc0000/ffffff', 118.94, '2021-06-06 22:57:20', 1);
insert into product (idproduct, name, photos, price, dt_created, category_idcategory) values (28, 'Glytone Clarifying SunVanish with Sunscreen', 'http://dummyimage.com/181x100.png/5fa2dd/ffffff', 115.84, '2021-12-05 17:35:06', 1);
insert into product (idproduct, name, photos, price, dt_created, category_idcategory) values (29, 'Indomethacin', 'http://dummyimage.com/250x100.png/5fa2dd/ffffff', 467.12, '2021-05-29 20:56:20', 1);
insert into product (idproduct, name, photos, price, dt_created, category_idcategory) values (30, 'ARTHROTEC', 'http://dummyimage.com/201x100.png/cc0000/ffffff', 603.91, '2021-06-02 07:15:32', 4);
insert into product (idproduct, name, photos, price, dt_created, category_idcategory) values (31, 'Venlafaxine', 'http://dummyimage.com/160x100.png/5fa2dd/ffffff', 708.09, '2022-03-18 21:47:13', 5);
insert into product (idproduct, name, photos, price, dt_created, category_idcategory) values (32, 'Carbon Dioxide', 'http://dummyimage.com/134x100.png/ff4444/ffffff', 632.78, '2021-06-05 13:35:10', 4);
insert into product (idproduct, name, photos, price, dt_created, category_idcategory) values (33, 'PENTOXIFYLLINE', 'http://dummyimage.com/177x100.png/dddddd/000000', 662.78, '2021-09-13 14:39:28', 1);
insert into product (idproduct, name, photos, price, dt_created, category_idcategory) values (34, 'BeneFIX', 'http://dummyimage.com/230x100.png/cc0000/ffffff', 993.34, '2021-10-25 04:44:48', 3);
insert into product (idproduct, name, photos, price, dt_created, category_idcategory) values (35, 'LBEL EFFET PARFAIT Spots Reducing Effect Foundation SPF 18 - MEDIUM 6A', 'http://dummyimage.com/191x100.png/cc0000/ffffff', 31.69, '2022-03-08 09:00:15', 5);
insert into product (idproduct, name, photos, price, dt_created, category_idcategory) values (36, 'anti bacterial hand sanitizer', 'http://dummyimage.com/212x100.png/cc0000/ffffff', 421.05, '2021-10-01 00:27:14', 4);
insert into product (idproduct, name, photos, price, dt_created, category_idcategory) values (37, 'Tyzeka', 'http://dummyimage.com/101x100.png/ff4444/ffffff', 37.79, '2021-12-12 16:08:01', 1);
insert into product (idproduct, name, photos, price, dt_created, category_idcategory) values (38, 'CAPTOPRIL', 'http://dummyimage.com/137x100.png/5fa2dd/ffffff', 774.35, '2021-06-08 23:23:22', 3);
insert into product (idproduct, name, photos, price, dt_created, category_idcategory) values (39, 'Gabapentin', 'http://dummyimage.com/181x100.png/5fa2dd/ffffff', 845.22, '2021-05-31 22:14:07', 4);
insert into product (idproduct, name, photos, price, dt_created, category_idcategory) values (40, 'Belladonna', 'http://dummyimage.com/194x100.png/dddddd/000000', 412.34, '2022-03-20 09:21:49', 3);

insert into purchase (idpurchase, user_iduser, product_idproduct, quantity, discount, dt_created) values (1, 10, 7, 2, 0.76, '2021-09-15 14:06:49');
insert into purchase (idpurchase, user_iduser, product_idproduct, quantity, discount, dt_created) values (2, 8, 15, 7, 0.8, '2021-08-21 09:42:55');
insert into purchase (idpurchase, user_iduser, product_idproduct, quantity, discount, dt_created) values (3, 19, 38, 2, 0.82, '2021-09-15 13:33:24');
insert into purchase (idpurchase, user_iduser, product_idproduct, quantity, discount, dt_created) values (4, 15, 16, 8, 0.78, '2021-07-29 11:13:25');
insert into purchase (idpurchase, user_iduser, product_idproduct, quantity, discount, dt_created) values (5, 3, 30, 2, 0.86, '2021-12-24 22:54:48');
insert into purchase (idpurchase, user_iduser, product_idproduct, quantity, discount, dt_created) values (6, 20, 11, 10, 0.34, '2022-02-23 16:24:27');
insert into purchase (idpurchase, user_iduser, product_idproduct, quantity, discount, dt_created) values (7, 14, 37, 10, 0.51, '2021-12-04 17:55:54');
insert into purchase (idpurchase, user_iduser, product_idproduct, quantity, discount, dt_created) values (8, 1, 16, 1, 0.36, '2021-10-18 03:35:04');
insert into purchase (idpurchase, user_iduser, product_idproduct, quantity, discount, dt_created) values (9, 11, 4, 4, 0.82, '2021-08-10 20:06:53');
insert into purchase (idpurchase, user_iduser, product_idproduct, quantity, discount, dt_created) values (10, 1, 24, 3, 0.35, '2022-05-20 17:44:59');
insert into purchase (idpurchase, user_iduser, product_idproduct, quantity, discount, dt_created) values (11, 1, 8, 2, 0.69, '2021-12-25 04:52:07');
insert into purchase (idpurchase, user_iduser, product_idproduct, quantity, discount, dt_created) values (12, 3, 39, 9, 0.49, '2022-01-27 03:27:57');
insert into purchase (idpurchase, user_iduser, product_idproduct, quantity, discount, dt_created) values (13, 3, 32, 5, 0.22, '2022-05-16 16:01:47');
insert into purchase (idpurchase, user_iduser, product_idproduct, quantity, discount, dt_created) values (14, 19, 26, 4, 0.71, '2022-02-21 00:08:25');
insert into purchase (idpurchase, user_iduser, product_idproduct, quantity, discount, dt_created) values (15, 19, 2, 9, 0.98, '2022-01-28 01:48:16');
insert into purchase (idpurchase, user_iduser, product_idproduct, quantity, discount, dt_created) values (16, 19, 20, 10, 0.27, '2022-03-15 11:39:28');
insert into purchase (idpurchase, user_iduser, product_idproduct, quantity, discount, dt_created) values (17, 19, 23, 7, 0.1, '2021-06-02 15:12:57');
insert into purchase (idpurchase, user_iduser, product_idproduct, quantity, discount, dt_created) values (18, 8, 35, 9, 0.95, '2022-04-02 23:46:43');
insert into purchase (idpurchase, user_iduser, product_idproduct, quantity, discount, dt_created) values (19, 18, 14, 1, 0.76, '2022-03-07 20:28:56');
insert into purchase (idpurchase, user_iduser, product_idproduct, quantity, discount, dt_created) values (20, 14, 7, 7, 0.56, '2022-04-07 21:18:28');
insert into purchase (idpurchase, user_iduser, product_idproduct, quantity, discount, dt_created) values (21, 10, 20, 3, 0.25, '2021-11-30 10:33:10');
insert into purchase (idpurchase, user_iduser, product_idproduct, quantity, discount, dt_created) values (22, 20, 12, 8, 0.81, '2021-09-06 00:06:05');
insert into purchase (idpurchase, user_iduser, product_idproduct, quantity, discount, dt_created) values (23, 9, 11, 1, 0.94, '2021-12-18 00:42:41');
insert into purchase (idpurchase, user_iduser, product_idproduct, quantity, discount, dt_created) values (24, 11, 33, 3, 0.81, '2022-04-16 12:19:33');
insert into purchase (idpurchase, user_iduser, product_idproduct, quantity, discount, dt_created) values (25, 12, 12, 7, 0.79, '2022-03-30 12:22:54');
insert into purchase (idpurchase, user_iduser, product_idproduct, quantity, discount, dt_created) values (26, 6, 16, 10, 0.01, '2021-07-27 12:58:14');
insert into purchase (idpurchase, user_iduser, product_idproduct, quantity, discount, dt_created) values (27, 11, 7, 8, 0.36, '2021-10-19 10:52:20');
insert into purchase (idpurchase, user_iduser, product_idproduct, quantity, discount, dt_created) values (28, 10, 33, 2, 0.56, '2021-12-09 16:11:53');
insert into purchase (idpurchase, user_iduser, product_idproduct, quantity, discount, dt_created) values (29, 11, 24, 5, 0.4, '2022-03-21 04:57:48');
insert into purchase (idpurchase, user_iduser, product_idproduct, quantity, discount, dt_created) values (30, 15, 11, 9, 0.73, '2022-02-12 03:23:13');
insert into purchase (idpurchase, user_iduser, product_idproduct, quantity, discount, dt_created) values (31, 1, 27, 7, 0.87, '2021-07-21 06:04:04');
insert into purchase (idpurchase, user_iduser, product_idproduct, quantity, discount, dt_created) values (32, 18, 22, 8, 0.43, '2021-11-22 08:40:58');
insert into purchase (idpurchase, user_iduser, product_idproduct, quantity, discount, dt_created) values (33, 4, 17, 4, 0.99, '2021-10-11 05:43:01');
insert into purchase (idpurchase, user_iduser, product_idproduct, quantity, discount, dt_created) values (34, 9, 18, 10, 0.18, '2021-12-21 14:16:49');
insert into purchase (idpurchase, user_iduser, product_idproduct, quantity, discount, dt_created) values (35, 4, 8, 10, 0.82, '2021-11-23 17:31:57');
insert into purchase (idpurchase, user_iduser, product_idproduct, quantity, discount, dt_created) values (36, 12, 5, 4, 0.01, '2021-12-03 22:50:28');
insert into purchase (idpurchase, user_iduser, product_idproduct, quantity, discount, dt_created) values (37, 18, 18, 1, 0.43, '2021-08-10 22:18:40');
insert into purchase (idpurchase, user_iduser, product_idproduct, quantity, discount, dt_created) values (38, 9, 25, 8, 1.0, '2021-08-18 11:02:09');
insert into purchase (idpurchase, user_iduser, product_idproduct, quantity, discount, dt_created) values (39, 3, 14, 7, 0.56, '2022-03-08 12:43:02');
insert into purchase (idpurchase, user_iduser, product_idproduct, quantity, discount, dt_created) values (40, 2, 16, 6, 0.57, '2021-09-04 12:34:09');
insert into purchase (idpurchase, user_iduser, product_idproduct, quantity, discount, dt_created) values (41, 20, 40, 5, 0.29, '2021-11-29 11:57:55');
insert into purchase (idpurchase, user_iduser, product_idproduct, quantity, discount, dt_created) values (42, 1, 19, 2, 0.16, '2021-10-18 21:57:11');
insert into purchase (idpurchase, user_iduser, product_idproduct, quantity, discount, dt_created) values (43, 8, 10, 3, 0.51, '2021-08-17 02:42:33');
insert into purchase (idpurchase, user_iduser, product_idproduct, quantity, discount, dt_created) values (44, 2, 12, 10, 0.14, '2021-06-12 05:54:59');
insert into purchase (idpurchase, user_iduser, product_idproduct, quantity, discount, dt_created) values (45, 2, 32, 1, 0.24, '2021-08-12 17:10:59');
insert into purchase (idpurchase, user_iduser, product_idproduct, quantity, discount, dt_created) values (46, 13, 38, 1, 0.11, '2021-12-19 06:34:16');
insert into purchase (idpurchase, user_iduser, product_idproduct, quantity, discount, dt_created) values (47, 17, 15, 5, 0.72, '2021-12-09 10:39:25');
insert into purchase (idpurchase, user_iduser, product_idproduct, quantity, discount, dt_created) values (48, 1, 29, 6, 0.84, '2021-10-09 22:42:15');
insert into purchase (idpurchase, user_iduser, product_idproduct, quantity, discount, dt_created) values (49, 15, 20, 9, 0.64, '2021-11-05 22:20:20');
insert into purchase (idpurchase, user_iduser, product_idproduct, quantity, discount, dt_created) values (50, 9, 9, 6, 0.03, '2021-09-20 10:20:44');
insert into purchase (idpurchase, user_iduser, product_idproduct, quantity, discount, dt_created) values (51, 9, 27, 8, 0.4, '2022-03-14 06:22:22');
insert into purchase (idpurchase, user_iduser, product_idproduct, quantity, discount, dt_created) values (52, 13, 26, 9, 0.03, '2022-05-10 23:52:54');
insert into purchase (idpurchase, user_iduser, product_idproduct, quantity, discount, dt_created) values (53, 18, 13, 5, 0.69, '2022-01-20 21:23:31');
insert into purchase (idpurchase, user_iduser, product_idproduct, quantity, discount, dt_created) values (54, 3, 13, 8, 0.24, '2022-05-18 19:41:15');
insert into purchase (idpurchase, user_iduser, product_idproduct, quantity, discount, dt_created) values (55, 2, 12, 2, 0.69, '2021-12-22 06:21:43');
insert into purchase (idpurchase, user_iduser, product_idproduct, quantity, discount, dt_created) values (56, 12, 14, 1, 0.56, '2021-09-22 20:13:47');
insert into purchase (idpurchase, user_iduser, product_idproduct, quantity, discount, dt_created) values (57, 16, 20, 8, 0.88, '2021-07-08 14:56:11');
insert into purchase (idpurchase, user_iduser, product_idproduct, quantity, discount, dt_created) values (58, 11, 17, 5, 0.05, '2021-12-27 10:38:14');
insert into purchase (idpurchase, user_iduser, product_idproduct, quantity, discount, dt_created) values (59, 5, 5, 10, 0.91, '2021-05-30 03:04:31');
insert into purchase (idpurchase, user_iduser, product_idproduct, quantity, discount, dt_created) values (60, 7, 39, 8, 0.04, '2021-07-23 00:18:52');
insert into purchase (idpurchase, user_iduser, product_idproduct, quantity, discount, dt_created) values (61, 2, 7, 4, 0.75, '2022-04-02 21:59:05');
insert into purchase (idpurchase, user_iduser, product_idproduct, quantity, discount, dt_created) values (62, 16, 19, 5, 0.66, '2022-05-18 02:04:16');
insert into purchase (idpurchase, user_iduser, product_idproduct, quantity, discount, dt_created) values (63, 15, 7, 3, 0.24, '2022-05-19 19:08:25');
insert into purchase (idpurchase, user_iduser, product_idproduct, quantity, discount, dt_created) values (64, 2, 4, 4, 0.33, '2022-03-10 05:54:05');
insert into purchase (idpurchase, user_iduser, product_idproduct, quantity, discount, dt_created) values (65, 3, 17, 9, 0.23, '2022-04-13 13:12:30');
insert into purchase (idpurchase, user_iduser, product_idproduct, quantity, discount, dt_created) values (66, 2, 23, 1, 0.89, '2021-07-07 04:14:34');
insert into purchase (idpurchase, user_iduser, product_idproduct, quantity, discount, dt_created) values (67, 1, 31, 4, 0.53, '2021-10-10 23:48:52');
insert into purchase (idpurchase, user_iduser, product_idproduct, quantity, discount, dt_created) values (68, 14, 27, 10, 0.69, '2022-03-13 04:09:05');
insert into purchase (idpurchase, user_iduser, product_idproduct, quantity, discount, dt_created) values (69, 3, 8, 1, 0.48, '2021-07-30 14:51:14');
insert into purchase (idpurchase, user_iduser, product_idproduct, quantity, discount, dt_created) values (70, 3, 17, 10, 0.32, '2021-12-01 01:10:57');
insert into purchase (idpurchase, user_iduser, product_idproduct, quantity, discount, dt_created) values (71, 1, 29, 8, 0.59, '2021-09-26 00:23:03');
insert into purchase (idpurchase, user_iduser, product_idproduct, quantity, discount, dt_created) values (72, 13, 28, 1, 0.05, '2021-08-19 03:29:07');
insert into purchase (idpurchase, user_iduser, product_idproduct, quantity, discount, dt_created) values (73, 15, 1, 4, 0.67, '2021-11-26 04:48:06');
insert into purchase (idpurchase, user_iduser, product_idproduct, quantity, discount, dt_created) values (74, 14, 31, 7, 0.85, '2022-02-27 15:47:48');
insert into purchase (idpurchase, user_iduser, product_idproduct, quantity, discount, dt_created) values (75, 10, 8, 5, 0.24, '2021-09-10 00:30:41');
insert into purchase (idpurchase, user_iduser, product_idproduct, quantity, discount, dt_created) values (76, 6, 24, 1, 0.39, '2021-11-27 00:51:56');
insert into purchase (idpurchase, user_iduser, product_idproduct, quantity, discount, dt_created) values (77, 2, 3, 8, 0.57, '2022-01-04 07:16:02');
insert into purchase (idpurchase, user_iduser, product_idproduct, quantity, discount, dt_created) values (78, 9, 4, 10, 0.65, '2022-03-12 09:06:24');
insert into purchase (idpurchase, user_iduser, product_idproduct, quantity, discount, dt_created) values (79, 5, 26, 4, 0.22, '2021-09-16 21:14:15');
insert into purchase (idpurchase, user_iduser, product_idproduct, quantity, discount, dt_created) values (80, 9, 31, 4, 0.64, '2021-10-10 18:51:18');
insert into purchase (idpurchase, user_iduser, product_idproduct, quantity, discount, dt_created) values (81, 8, 19, 10, 0.56, '2022-04-11 12:53:44');
insert into purchase (idpurchase, user_iduser, product_idproduct, quantity, discount, dt_created) values (82, 10, 11, 2, 0.88, '2022-04-26 18:52:53');
insert into purchase (idpurchase, user_iduser, product_idproduct, quantity, discount, dt_created) values (83, 11, 18, 3, 0.95, '2021-08-05 08:01:26');
insert into purchase (idpurchase, user_iduser, product_idproduct, quantity, discount, dt_created) values (84, 7, 20, 3, 0.85, '2022-03-01 05:17:27');
insert into purchase (idpurchase, user_iduser, product_idproduct, quantity, discount, dt_created) values (85, 17, 23, 3, 0.99, '2021-07-24 02:19:12');
insert into purchase (idpurchase, user_iduser, product_idproduct, quantity, discount, dt_created) values (86, 5, 35, 7, 0.68, '2021-07-12 09:50:47');
insert into purchase (idpurchase, user_iduser, product_idproduct, quantity, discount, dt_created) values (87, 5, 19, 10, 0.36, '2021-09-28 06:40:58');
insert into purchase (idpurchase, user_iduser, product_idproduct, quantity, discount, dt_created) values (88, 15, 10, 7, 0.62, '2022-01-25 09:32:45');
insert into purchase (idpurchase, user_iduser, product_idproduct, quantity, discount, dt_created) values (89, 16, 40, 1, 0.84, '2021-06-27 20:39:01');
insert into purchase (idpurchase, user_iduser, product_idproduct, quantity, discount, dt_created) values (90, 13, 36, 8, 0.27, '2022-05-22 14:00:32');
insert into purchase (idpurchase, user_iduser, product_idproduct, quantity, discount, dt_created) values (91, 20, 26, 2, 0.86, '2021-06-16 19:47:32');
insert into purchase (idpurchase, user_iduser, product_idproduct, quantity, discount, dt_created) values (92, 20, 22, 2, 0.68, '2022-04-24 13:24:11');
insert into purchase (idpurchase, user_iduser, product_idproduct, quantity, discount, dt_created) values (93, 9, 29, 7, 0.12, '2021-06-10 06:36:11');
insert into purchase (idpurchase, user_iduser, product_idproduct, quantity, discount, dt_created) values (94, 20, 9, 10, 0.54, '2022-01-05 08:24:05');
insert into purchase (idpurchase, user_iduser, product_idproduct, quantity, discount, dt_created) values (95, 12, 33, 4, 0.28, '2021-12-18 02:40:06');
insert into purchase (idpurchase, user_iduser, product_idproduct, quantity, discount, dt_created) values (96, 2, 33, 8, 0.32, '2021-11-26 16:54:41');
insert into purchase (idpurchase, user_iduser, product_idproduct, quantity, discount, dt_created) values (97, 5, 16, 4, 0.95, '2021-07-16 02:59:13');
insert into purchase (idpurchase, user_iduser, product_idproduct, quantity, discount, dt_created) values (98, 2, 35, 3, 0.14, '2021-07-20 06:53:43');
insert into purchase (idpurchase, user_iduser, product_idproduct, quantity, discount, dt_created) values (99, 20, 16, 6, 0.86, '2022-03-10 22:11:26');
insert into purchase (idpurchase, user_iduser, product_idproduct, quantity, discount, dt_created) values (100, 2, 11, 10, 0.96, '2022-04-01 15:26:54');

